﻿Designator,Quantity,Value,Footprint,Package,MPN,DNP,Mount_Type,Description
C1,1,1000µF,CP_Radial_D10.0mm_P5.00mm,,,,tht,Polarized capacitor
GND   DAT  +5V,1,Conn_01x03_Socket,SolderWire-0.75sqmm_1x03_P4.8mm_D1.25mm_OD2.3mm,,,,tht,"Generic connector, single row, 01x03, script generated"
GND  +5V,1,Conn_01x02_Socket,SolderWire-0.75sqmm_1x02_P4.8mm_D1.25mm_OD2.3mm,,,,tht,"Generic connector, single row, 01x02, script generated"
U1,1,WeMos_D1_mini,WEMOS_D1_mini_light,,,,tht,32-bit microcontroller module with WiFi
U2,1,74HCT245,DIP-20_W7.62mm,,,,tht,
