﻿pos_x,pos_y,rotation,side,designator,mpn,pack,footprint,value,mount_type,place
130.0,-73.5,180.0,top,C1,,,CP_Radial_D10.0mm_P5.00mm,1000µF,tht,True
132.3,-90.5,180.0,top,GND   DAT  +5V,,,SolderWire-0.75sqmm_1x03_P4.8mm_D1.25mm_OD2.3mm,Conn_01x03_Socket,tht,True
106.5,-61.5,90.0,top,GND  +5V,,,SolderWire-0.75sqmm_1x02_P4.8mm_D1.25mm_OD2.3mm,Conn_01x02_Socket,tht,True
77.055,-63.11,0.0,top,U1,,,WEMOS_D1_mini_light,WeMos_D1_mini,tht,True
107.0,-68.42,0.0,top,U2,,,DIP-20_W7.62mm,74HCT245,tht,True
